gene,value
DES,0.6798225084863192
NRAP,0.06802043248404847
HSPB7,0.4689226503890518
NEFH,0.5537314044523718
TCAP,0.7062058875178234
TNNC1,0.38739745760530847
ACTA1,1.6211223417165337
MYL2,0.10656430764739154
MYLPF,0.4424406436876449
MYO18B,0.27938620422163063
SLN,0.22579563539281766
SPP1,4.524716577491842
ACTN2,0.39577968055484397
TNNI1,0.1803116951643985
MB,1.5553900230428388
MYH7,0.4639539016920843
MYOG,0.008463406655959897
ACTC1,0.03209640005563248
KLHL41,0.2178650149708334
ASB5,0.018868739132348603
XIRP1,0.5390130388155113
APOBEC2,0.17207483502510074
MYADML2,0.03996575888563696
IZUMO1,0.367541309124808
CACNG6,0.08579385679955985
CACNG1,0.019343399266398234
CHRNA1,0.35677462456372183
HHATL,0.02008812326026206
MYH6,0.0820101101210069
SMTNL1,0.016777849308516227
MMP13,2.0409029667362186
ARX,0.09392176694295111
MMP11,3.8233812354180507
MYOT,0.07204175834145904
BPIFB4,0.04572566707865923
CHRND,0.020076734586608577
KLHL40,0.008221078957685124
RBM24,0.15626935693014402
LMO1,0.47451206184365324
LMOD2,0.02149084141250458
MYBPH,0.195263784588476
MYOZ3,0.2341300909311349
S100A1,1.2896302654153684
SMPX,0.008221078957685124
SPOCK1,1.6219810274187885
MYOZ2,0.10112483919494256
SPTB,1.16845136596661
SPOCD1,1.5269911865165984
C10orf71,0.007686308460779583
ELN,3.8268468207391066
UNC45B,0.14151579421308427
CHIT1,2.098896447822318
XIRP2,0.008221078957685124
CASQ1,0.2649453134195376
MEFV,1.2038611410128595
NMRK2,0.007686308460779583
CAV3,0.007664733342128062
ESYT3,1.9853561608728867
MYL3,0.24949704721279148
CSRP3,0.008394507383585383
CKM,0.250507230816835
CORO6,1.786381549298493
TRIM54,0.12020211481181553
CHRNG,0.057269105816930524
CAVIN4,0.5493661396129204
LMOD3,0.06895390668434369
KCNA7,0.23615350357862486
PDCD1LG2,2.394257259536371
RXFP2,0.004884939361890226
MUC2,0.386457450399789
COL10A1,1.2353473404958897
MEGF11,0.14414750626528205
C4orf54,0.2755901162939097
CORO2B,0.6889986724579912
KCNK5,3.368373874976822
ADGRE1,0.6423835418047643
NEB,1.7175578497107453
AATK,1.71600981814185
CHGB,0.3426984785949353
